Workbook

Sheet C_Kapak
K3: Denetlenen Şirket | M3: : | N3: ….Şirketi
K5: Denetim Dönemi | M5: : | N5: 44196
K7: Hazırlayan | M7: : | N7: AA | Q7: aa.aa.2020
K9: Kontrol Eden | M9: : | N9: BB | Q9: bb.bb.2020
K11: Onaylayan | M11: : | N11: CC | Q11: cc.cc.2020
B25: C10
B26: NAKİT VE NAKİT BENZERLERİ
C30: P01 | D30: Kasa sayımları ile yasal kayıtların mutabakatı

Sheet P01
E2: Şirketin kasa sayım tutağı ile yasal kayıtlarının mutabakatını yaptık. Bulgularımızı bu çalışma kağıdına not ettik.
B7: Ana Hesap Kodu | C7: Hesap Adı | D7: Orijinal Para Birimi | E7: Para Birimi | F7: TL Karşılığı | G7: Sayım Tutarı | H7: Para Birimi | I7: TL Karşılığı | J7: Sayım Farkı | L7: KASA SAYIM FARKI VARSA ATILACAK OLAN KAYIT
E8: Seçiniz | F8: 0 | H8: Seçiniz | I8: =IF(H8="TL",G8*1,IF(H8="USD",G8*'Döviz Kurları'!$C$8,IF(H8="EUR",G8*'Döviz Kurları'!$C$9,IF(H8="GBP",G8*'Döviz Kurları'!$C$10,0)))) -> 0 | J8: =F8-I8 -> 0
E9: Seçiniz | F9: 0 | H9: Seçiniz | I9: =IF(H9="TL",G9*1,IF(H9="USD",G9*'Döviz Kurları'!$C$8,IF(H9="EUR",G9*'Döviz Kurları'!$C$9,IF(H9="GBP",G9*'Döviz Kurları'!$C$10,0)))) -> 0 | J9: =F9-I9 -> 0
E10: Seçiniz | F10: 0 | H10: Seçiniz | I10: =IF(H10="TL",G10*1,IF(H10="USD",G10*'Döviz Kurları'!$C$8,IF(H10="EUR",G10*'Döviz Kurları'!$C$9,IF(H10="GBP",G10*'Döviz Kurları'!$C$10,0)))) -> 0 | J10: =F10-I10 -> 0
E11: Seçiniz | F11: 0 | H11: Seçiniz | I11: =IF(H11="TL",G11*1,IF(H11="USD",G11*'Döviz Kurları'!$C$8,IF(H11="EUR",G11*'Döviz Kurları'!$C$9,IF(H11="GBP",G11*'Döviz Kurları'!$C$10,0)))) -> 0 | J11: =F11-I11 -> 0 | N11: Borç | O11: Alacak
E12: Seçiniz | F12: 0 | H12: Seçiniz | I12: =IF(H12="TL",G12*1,IF(H12="USD",G12*'Döviz Kurları'!$C$8,IF(H12="EUR",G12*'Döviz Kurları'!$C$9,IF(H12="GBP",G12*'Döviz Kurları'!$C$10,0)))) -> 0 | J12: =F12-I12 -> 0 | M12: 100 | O12: =SUMIF($B$8:$B$1048576,M12,$J$8:$J$1048576) -> 0
E13: Seçiniz | F13: 0 | H13: Seçiniz | I13: =IF(H13="TL",G13*1,IF(H13="USD",G13*'Döviz Kurları'!$C$8,IF(H13="EUR",G13*'Döviz Kurları'!$C$9,IF(H13="GBP",G13*'Döviz Kurları'!$C$10,0)))) -> 0 | J13: =F13-I13 -> 0 | M13: 101 | O13: =SUMIF($B$8:$B$1048576,M13,$J$8:$J$1048576) -> 0
E14: Seçiniz | F14: 0 | H14: Seçiniz | I14: =IF(H14="TL",G14*1,IF(H14="USD",G14*'Döviz Kurları'!$C$8,IF(H14="EUR",G14*'Döviz Kurları'!$C$9,IF(H14="GBP",G14*'Döviz Kurları'!$C$10,0)))) -> 0 | J14: =F14-I14 -> 0 | L14: 131 | N14: =O12+O13 -> 0
E15: Seçiniz | F15: 0 | H15: Seçiniz | I15: =IF(H15="TL",G15*1,IF(H15="USD",G15*'Döviz Kurları'!$C$8,IF(H15="EUR",G15*'Döviz Kurları'!$C$9,IF(H15="GBP",G15*'Döviz Kurları'!$C$10,0)))) -> 0 | J15: =F15-I15 -> 0
E16: Seçiniz | F16: 0 | H16: Seçiniz | I16: =IF(H16="TL",G16*1,IF(H16="USD",G16*'Döviz Kurları'!$C$8,IF(H16="EUR",G16*'Döviz Kurları'!$C$9,IF(H16="GBP",G16*'Döviz Kurları'!$C$10,0)))) -> 0 | J16: =F16-I16 -> 0
E17: Seçiniz | F17: 0 | H17: Seçiniz | I17: =IF(H17="TL",G17*1,IF(H17="USD",G17*'Döviz Kurları'!$C$8,IF(H17="EUR",G17*'Döviz Kurları'!$C$9,IF(H17="GBP",G17*'Döviz Kurları'!$C$10,0)))) -> 0 | J17: =F17-I17 -> 0
E18: Seçiniz | F18: 0 | H18: Seçiniz | I18: =IF(H18="TL",G18*1,IF(H18="USD",G18*'Döviz Kurları'!$C$8,IF(H18="EUR",G18*'Döviz Kurları'!$C$9,IF(H18="GBP",G18*'Döviz Kurları'!$C$10,0)))) -> 0 | J18: =F18-I18 -> 0
E19: Seçiniz | F19: 0 | H19: Seçiniz | I19: =IF(H19="TL",G19*1,IF(H19="USD",G19*'Döviz Kurları'!$C$8,IF(H19="EUR",G19*'Döviz Kurları'!$C$9,IF(H19="GBP",G19*'Döviz Kurları'!$C$10,0)))) -> 0 | J19: =F19-I19 -> 0
E20: Seçiniz | F20: 0 | H20: Seçiniz | I20: =IF(H20="TL",G20*1,IF(H20="USD",G20*'Döviz Kurları'!$C$8,IF(H20="EUR",G20*'Döviz Kurları'!$C$9,IF(H20="GBP",G20*'Döviz Kurları'!$C$10,0)))) -> 0 | J20: =F20-I20 -> 0
E21: Seçiniz | F21: 0 | H21: Seçiniz | I21: =IF(H21="TL",G21*1,IF(H21="USD",G21*'Döviz Kurları'!$C$8,IF(H21="EUR",G21*'Döviz Kurları'!$C$9,IF(H21="GBP",G21*'Döviz Kurları'!$C$10,0)))) -> 0 | J21: =F21-I21 -> 0
E22: Seçiniz | F22: 0 | H22: Seçiniz | I22: =IF(H22="TL",G22*1,IF(H22="USD",G22*'Döviz Kurları'!$C$8,IF(H22="EUR",G22*'Döviz Kurları'!$C$9,IF(H22="GBP",G22*'Döviz Kurları'!$C$10,0)))) -> 0 | J22: =F22-I22 -> 0
M23: cfhzdf

Sheet Döviz Kurları
B6: Döviz Kurları | C6: Yıllar
C7: 2019
B8: USD | C8: 5.9402
B9: EUR | C9: 6.6506
B10: GBP | C10: 7.7765
B11: TL | C11: 1
