Workbook

Sheet C_Kapak
K3: Denetlenen Şirket | M3: : | N3: ….Şirketi
K5: Denetim Dönemi | M5: : | N5: 44196
K7: Hazırlayan | M7: : | N7: AA | Q7: aa.aa.2020
K9: Kontrol Eden | M9: : | N9: BB | Q9: bb.bb.2020
K11: Onaylayan | M11: : | N11: CC | Q11: cc.cc.2020
B25: C10
B26: NAKİT VE NAKİT BENZERLERİ
C30: P02 | D30: Banka mektuplarının gönderilmesi ve banka hesaplarının tamlık ve varolduğunun araştırılması
C31: P02 | D31: Banka hesaplarındaki kısıtlamaların (bloke mevduatların) araştırılması
C32: P02 | D32: Faiz tahakkukunun yeniden hesaplanması
C33: P02 | D33: Mevduatların vadelerinin kontrol edilmesi

Sheet P02
E2: Banka mevduatları ile ilgili açıklamalar bu alana yazılır. Örneğin; "Tüm bankalara ait banka mutabakatları temin edilmiştir" veya "tüm bankalara ait banka mutabakatları temin edilememiştir. Gelmeyen bankaların ekstreleri firmadan temin edilip kontrol edilmiş ve bağlanmıştır". Banka teyit mektupları ve ekstrelerde yer alan bakiyelerin mizanla bağlanması sonucunda fark ortaya çıkmamıştır. Bu çalışma kağıdı kapsamında, olması gereken vadeli mevduat faiz tahakkuku .... TL tutarında hesaplanmış olup .... TL tutarında blokeli mevduat olduğu tespit edilmiştir.
B5: Denetlenen Dönem: | C5: 44043
T6: FAİZ TAHAKKUKU - YASAL | Z6: FAİZ TAHAKKUKU - IAS 39
B7: Hesap Kodu | C7: Banka | D7: Hesap Tipi | E7: Vadeli Hesap Açılış Tarihi | F7: Vade Tarihi | G7: Faiz Oranı (%) | H7: Orijinal Para Tutarı | I7: Para Birimi | J7: Döviz Kuru | K7: TL Karşılığı | M7: Mizan Bakiye | N7: Fark | P7: Hesap Bakiyesi Üzerinde Herhangi Bir Kısıtlama Var mı? | Q7: Doğrulama Tipi | R7: Referans | T7: Raporlama Tarihine Kadar Olan Gün Sayısı | U7: Faiz Tahakkuku Orijinal Para Birimi | V7: Faiz Tahakkuku TL | W7: Şirket Başına | X7: Fark - TL | Z7: Vade Bitimine Kadar Olan Gün Sayısı | AA7: Vade Tarihinde Anapara + Faiz | AB7: Faiz Tahakkuku Orijinal Para Birimi | AC7: Faiz Tahakkuku TL | AD7: Düzeltmeler TL | AE7: Anapara + Faiz TL
D8: Seçiniz | I8: Seçiniz | J8: =VLOOKUP(I8,'Döviz Kurları'!$B$8:$C$10,2,0) -> #N/A | K8: =H8*J8 -> #N/A | N8: =K8-M8 -> #N/A | P8: Seçiniz | Q8: Seçiniz | R8: REF: | T8: =IF(ISBLANK(G8),0,$C$5-E8+1) -> 0 | U8: =H8*T8*G8/360 -> 0 | V8: =K8*T8*G8/360 -> #N/A | X8: =V8-W8 -> #N/A | Z8: =IF(ISBLANK(G8),0,F8-E8+1) -> 0 | AA8: =IF(ISBLANK(G8),0,H8+(H8*G8*Z8)/360) -> 0 | AB8: =IF(ISBLANK(G8),0,H8*((AA8/H8)^(T8/Z8))-H8) -> 0 | AC8: =IF(ISBLANK(G8),0,AB8*K8/H8) -> 0 | AD8: =V8-AC8 -> #N/A | AE8: =K8+AC8 -> #N/A
D9: Seçiniz | I9: Seçiniz | J9: =VLOOKUP(I9,'Döviz Kurları'!$B$8:$C$10,2,0) -> #N/A | K9: =H9*J9 -> #N/A | N9: =K9-M9 -> #N/A | P9: Seçiniz | Q9: Seçiniz | R9: REF: | T9: =IF(ISBLANK(G9),0,$C$5-E9+1) -> 0 | U9: =H9*T9*G9/360 -> 0 | V9: =K9*T9*G9/360 -> #N/A | X9: =V9-W9 -> #N/A | Z9: =IF(ISBLANK(G9),0,F9-E9+1) -> 0 | AA9: =IF(ISBLANK(G9),0,H9+(H9*G9*Z9)/360) -> 0 | AB9: =IF(ISBLANK(G9),0,H9*((AA9/H9)^(T9/Z9))-H9) -> 0 | AC9: =IF(ISBLANK(G9),0,AB9*K9/H9) -> 0 | AD9: =V9-AC9 -> #N/A | AE9: =K9+AC9 -> #N/A
D10: Seçiniz | I10: Seçiniz | J10: =VLOOKUP(I10,'Döviz Kurları'!$B$8:$C$10,2,0) -> #N/A | K10: =H10*J10 -> #N/A | N10: =K10-M10 -> #N/A | P10: Seçiniz | Q10: Seçiniz | R10: REF: | T10: =IF(ISBLANK(G10),0,$C$5-E10+1) -> 0 | U10: =H10*T10*G10/360 -> 0 | V10: =K10*T10*G10/360 -> #N/A | X10: =V10-W10 -> #N/A | Z10: =IF(ISBLANK(G10),0,F10-E10+1) -> 0 | AA10: =IF(ISBLANK(G10),0,H10+(H10*G10*Z10)/360) -> 0 | AB10: =IF(ISBLANK(G10),0,H10*((AA10/H10)^(T10/Z10))-H10) -> 0 | AC10: =IF(ISBLANK(G10),0,AB10*K10/H10) -> 0 | AD10: =V10-AC10 -> #N/A | AE10: =K10+AC10 -> #N/A
D11: Seçiniz | I11: Seçiniz | J11: =VLOOKUP(I11,'Döviz Kurları'!$B$8:$C$10,2,0) -> #N/A | K11: =H11*J11 -> #N/A | N11: =K11-M11 -> #N/A | P11: Seçiniz | Q11: Seçiniz | R11: REF: | T11: =IF(ISBLANK(G11),0,$C$5-E11+1) -> 0 | U11: =H11*T11*G11/360 -> 0 | V11: =K11*T11*G11/360 -> #N/A | X11: =V11-W11 -> #N/A | Z11: =IF(ISBLANK(G11),0,F11-E11+1) -> 0 | AA11: =IF(ISBLANK(G11),0,H11+(H11*G11*Z11)/360) -> 0 | AB11: =IF(ISBLANK(G11),0,H11*((AA11/H11)^(T11/Z11))-H11) -> 0 | AC11: =IF(ISBLANK(G11),0,AB11*K11/H11) -> 0 | AD11: =V11-AC11 -> #N/A | AE11: =K11+AC11 -> #N/A
D12: Seçiniz | I12: Seçiniz | J12: =VLOOKUP(I12,'Döviz Kurları'!$B$8:$C$10,2,0) -> #N/A | K12: =H12*J12 -> #N/A | N12: =K12-M12 -> #N/A | P12: Seçiniz | Q12: Seçiniz | R12: REF: | T12: =IF(ISBLANK(G12),0,$C$5-E12+1) -> 0 | U12: =H12*T12*G12/360 -> 0 | V12: =K12*T12*G12/360 -> #N/A | X12: =V12-W12 -> #N/A | Z12: =IF(ISBLANK(G12),0,F12-E12+1) -> 0 | AA12: =IF(ISBLANK(G12),0,H12+(H12*G12*Z12)/360) -> 0 | AB12: =IF(ISBLANK(G12),0,H12*((AA12/H12)^(T12/Z12))-H12) -> 0 | AC12: =IF(ISBLANK(G12),0,AB12*K12/H12) -> 0 | AD12: =V12-AC12 -> #N/A | AE12: =K12+AC12 -> #N/A
D13: Seçiniz | I13: Seçiniz | J13: =VLOOKUP(I13,'Döviz Kurları'!$B$8:$C$10,2,0) -> #N/A | K13: =H13*J13 -> #N/A | N13: =K13-M13 -> #N/A | P13: Seçiniz | Q13: Seçiniz | R13: REF: | T13: =IF(ISBLANK(G13),0,$C$5-E13+1) -> 0 | U13: =H13*T13*G13/360 -> 0 | V13: =K13*T13*G13/360 -> #N/A | X13: =V13-W13 -> #N/A | Z13: =IF(ISBLANK(G13),0,F13-E13+1) -> 0 | AA13: =IF(ISBLANK(G13),0,H13+(H13*G13*Z13)/360) -> 0 | AB13: =IF(ISBLANK(G13),0,H13*((AA13/H13)^(T13/Z13))-H13) -> 0 | AC13: =IF(ISBLANK(G13),0,AB13*K13/H13) -> 0 | AD13: =V13-AC13 -> #N/A | AE13: =K13+AC13 -> #N/A
D14: Seçiniz | I14: Seçiniz | J14: =VLOOKUP(I14,'Döviz Kurları'!$B$8:$C$10,2,0) -> #N/A | K14: =H14*J14 -> #N/A | N14: =K14-M14 -> #N/A | P14: Seçiniz | Q14: Seçiniz | R14: REF: | T14: =IF(ISBLANK(G14),0,$C$5-E14+1) -> 0 | U14: =H14*T14*G14/360 -> 0 | V14: =K14*T14*G14/360 -> #N/A | X14: =V14-W14 -> #N/A | Z14: =IF(ISBLANK(G14),0,F14-E14+1) -> 0 | AA14: =IF(ISBLANK(G14),0,H14+(H14*G14*Z14)/360) -> 0 | AB14: =IF(ISBLANK(G14),0,H14*((AA14/H14)^(T14/Z14))-H14) -> 0 | AC14: =IF(ISBLANK(G14),0,AB14*K14/H14) -> 0 | AD14: =V14-AC14 -> #N/A | AE14: =K14+AC14 -> #N/A
D15: Seçiniz | I15: Seçiniz | J15: =VLOOKUP(I15,'Döviz Kurları'!$B$8:$C$10,2,0) -> #N/A | K15: =H15*J15 -> #N/A | N15: =K15-M15 -> #N/A | P15: Seçiniz | Q15: Seçiniz | R15: REF: | T15: =IF(ISBLANK(G15),0,$C$5-E15+1) -> 0 | U15: =H15*T15*G15/360 -> 0 | V15: =K15*T15*G15/360 -> #N/A | X15: =V15-W15 -> #N/A | Z15: =IF(ISBLANK(G15),0,F15-E15+1) -> 0 | AA15: =IF(ISBLANK(G15),0,H15+(H15*G15*Z15)/360) -> 0 | AB15: =IF(ISBLANK(G15),0,H15*((AA15/H15)^(T15/Z15))-H15) -> 0 | AC15: =IF(ISBLANK(G15),0,AB15*K15/H15) -> 0 | AD15: =V15-AC15 -> #N/A | AE15: =K15+AC15 -> #N/A
D16: Seçiniz | I16: Seçiniz | J16: =VLOOKUP(I16,'Döviz Kurları'!$B$8:$C$10,2,0) -> #N/A | K16: =H16*J16 -> #N/A | N16: =K16-M16 -> #N/A | P16: Seçiniz | Q16: Seçiniz | R16: REF: | T16: =IF(ISBLANK(G16),0,$C$5-E16+1) -> 0 | U16: =H16*T16*G16/360 -> 0 | V16: =K16*T16*G16/360 -> #N/A | X16: =V16-W16 -> #N/A | Z16: =IF(ISBLANK(G16),0,F16-E16+1) -> 0 | AA16: =IF(ISBLANK(G16),0,H16+(H16*G16*Z16)/360) -> 0 | AB16: =IF(ISBLANK(G16),0,H16*((AA16/H16)^(T16/Z16))-H16) -> 0 | AC16: =IF(ISBLANK(G16),0,AB16*K16/H16) -> 0 | AD16: =V16-AC16 -> #N/A | AE16: =K16+AC16 -> #N/A
D17: Seçiniz | I17: Seçiniz | J17: =VLOOKUP(I17,'Döviz Kurları'!$B$8:$C$10,2,0) -> #N/A | K17: =H17*J17 -> #N/A | N17: =K17-M17 -> #N/A | P17: Seçiniz | Q17: Seçiniz | R17: REF: | T17: =IF(ISBLANK(G17),0,$C$5-E17+1) -> 0 | U17: =H17*T17*G17/360 -> 0 | V17: =K17*T17*G17/360 -> #N/A | X17: =V17-W17 -> #N/A | Z17: =IF(ISBLANK(G17),0,F17-E17+1) -> 0 | AA17: =IF(ISBLANK(G17),0,H17+(H17*G17*Z17)/360) -> 0 | AB17: =IF(ISBLANK(G17),0,H17*((AA17/H17)^(T17/Z17))-H17) -> 0 | AC17: =IF(ISBLANK(G17),0,AB17*K17/H17) -> 0 | AD17: =V17-AC17 -> #N/A | AE17: =K17+AC17 -> #N/A
D18: Seçiniz | I18: Seçiniz | J18: =VLOOKUP(I18,'Döviz Kurları'!$B$8:$C$10,2,0) -> #N/A | K18: =H18*J18 -> #N/A | N18: =K18-M18 -> #N/A | P18: Seçiniz | Q18: Seçiniz | R18: REF: | T18: =IF(ISBLANK(G18),0,$C$5-E18+1) -> 0 | U18: =H18*T18*G18/360 -> 0 | V18: =K18*T18*G18/360 -> #N/A | X18: =V18-W18 -> #N/A | Z18: =IF(ISBLANK(G18),0,F18-E18+1) -> 0 | AA18: =IF(ISBLANK(G18),0,H18+(H18*G18*Z18)/360) -> 0 | AB18: =IF(ISBLANK(G18),0,H18*((AA18/H18)^(T18/Z18))-H18) -> 0 | AC18: =IF(ISBLANK(G18),0,AB18*K18/H18) -> 0 | AD18: =V18-AC18 -> #N/A | AE18: =K18+AC18 -> #N/A
D19: Seçiniz | I19: Seçiniz | J19: =VLOOKUP(I19,'Döviz Kurları'!$B$8:$C$10,2,0) -> #N/A | K19: =H19*J19 -> #N/A | N19: =K19-M19 -> #N/A | P19: Seçiniz | Q19: Seçiniz | R19: REF: | T19: =IF(ISBLANK(G19),0,$C$5-E19+1) -> 0 | U19: =H19*T19*G19/360 -> 0 | V19: =K19*T19*G19/360 -> #N/A | X19: =V19-W19 -> #N/A | Z19: =IF(ISBLANK(G19),0,F19-E19+1) -> 0 | AA19: =IF(ISBLANK(G19),0,H19+(H19*G19*Z19)/360) -> 0 | AB19: =IF(ISBLANK(G19),0,H19*((AA19/H19)^(T19/Z19))-H19) -> 0 | AC19: =IF(ISBLANK(G19),0,AB19*K19/H19) -> 0 | AD19: =V19-AC19 -> #N/A | AE19: =K19+AC19 -> #N/A
... D34: Seçiniz | I34: Seçiniz | J34: =VLOOKUP(I34,'Döviz Kurları'!$B$8:$C$10,2,0) -> #N/A | K34: =H34*J34 -> #N/A | N34: =K34-M34 -> #N/A | P34: Seçiniz | Q34: Seçiniz | R34: REF: | T34: =IF(ISBLANK(G34),0,$C$5-E34+1) -> 0 | U34: =H34*T34*G34/360 -> 0 | V34: =K34*T34*G34/360 -> #N/A | X34: =V34-W34 -> #N/A | Z34: =IF(ISBLANK(G34),0,F34-E34+1) -> 0 | AA34: =IF(ISBLANK(G34),0,H34+(H34*G34*Z34)/360) -> 0 | AB34: =IF(ISBLANK(G34),0,H34*((AA34/H34)^(T34/Z34))-H34) -> 0 | AC34: =IF(ISBLANK(G34),0,AB34*K34/H34) -> 0 | AD34: =V34-AC34 -> #N/A | AE34: =K34+AC34 -> #N/A
K35: =SUM(K8:K25) -> #N/A | N35: =SUM(N8:N25) -> #N/A | U35: =SUM(U8:U24) -> 0 | V35: =SUM(V8:V24) -> #N/A | X35: =SUM(X8:X24) -> #N/A | AB35: =SUM(AB8:AB24) -> 0 | AC35: =SUM(AC8:AC24) -> 0 | AD35: =SUM(AD8:AD24) -> #N/A | AE35: =SUM(AE8:AE24) -> #N/A

Sheet Döviz Kurları
B6: Döviz Kurları | C6: Yıllar
C7: 2019
B8: USD | C8: 5.9402
B9: EUR | C9: 6.6506
B10: GBP | C10: 7.7765
B11: TL | C11: 1
